S.No,State,College Name,University,Management,Estb,Seats
1,Andaman & Nicobar Islands,"Andaman & Nicobar Islands Institute of Medical Sciences, Port Blair",Pondicherry University,Govt.,2015,114
1,Andhra Pradesh,ACSR Government Medical College Nellore,Dr. YSR University of Health Sciences,State Govt.,2014,175
2,Andhra Pradesh,"All India Institute of Medical Sciences, Mangalagiri, Vijayawada","Statutory Autonomous, AIIMS(New Delhi)",Central Govt.,2018,125
3,Andhra Pradesh,"Andhra Medical College, Visakhapatnam",Dr. YSR University of Health Sciences,State Govt.,1923,250
4,Andhra Pradesh,"Government Medical College, Ananthapuram",Dr. YSR University of Health Sciences,State Govt.,2000,200
5,Andhra Pradesh,"Government Medical College, Eluru",Dr. YSR University of Health Sciences,State Govt.,2023,150
6,Andhra Pradesh,"GMC, Rajiv Gandhi Institute of Medical Sciences, Kadapa",Dr. YSR University of Health Sciences,State Govt.,2006,175
7,Andhra Pradesh,"Government Medical College, Machilipatnam",Dr. YSR University of Health Sciences,State Govt.,2023,150
8,Andhra Pradesh,"Government Medical College, Nandyal",Dr. YSR University of Health Sciences,State Govt.,2023,150
9,Andhra Pradesh,"GMC, Rajiv Gandhi Institute of Medical Sciences, Ongole",Dr. YSR University of Health Sciences,State Govt.,2011,150
10,Andhra Pradesh,"Government medical College, Paderu, Visakhapatnam",Dr. YSR University of Health Sciences,State Govt.,2024,50
11,Andhra Pradesh,"Government Medical College, Rajamandravaram",Dr. YSR University of Health Sciences,State Govt.,2023,150
12,Andhra Pradesh,"Government Medical College, Vizianagaram",Dr. YSR University of Health Sciences,State Govt.,2023,150
13,Andhra Pradesh,"Government Siddhartha Medical College, Vijaywada",Dr. YSR University of Health Sciences,State Govt.,1980,175
14,Andhra Pradesh,"Guntur Medical College, Guntur",Dr. YSR University of Health Sciences,State Govt.,1946,250
15,Andhra Pradesh,"Kurnool Medical College, Kurnool",Dr. YSR University of Health Sciences,State Govt.,1957,250
16,Andhra Pradesh,"Rajiv Gandhi Institute of Medical Sciences, Srikakulam",Dr. YSR University of Health Sciences,State Govt.,2008,200
17,Andhra Pradesh,"Rangaraya Medical College, Kakinada",Dr. YSR University of Health Sciences,State Govt.,1958,250
18,Andhra Pradesh,"S V Medical College, Tirupati",Dr. YSR University of Health Sciences,State Govt.,1960,240
19,Andhra Pradesh,"SVIMS - Sri Padmavathi Medical College for Women, Alipiri Road, Tirupati","Sri Venkateswara Institute of Medical Sciences (SVIMS), Tirupati",State Govt.,2014,175
1,Arunachal Pradesh,"Tomo Riba Institute of Health & Medical Sciences, Naharlagun","Rajiv Gandhi University, Arunanchal Pradesh",State Govt.,2018,100
1,Assam,"All India Institute of Medical Sciences, Guwahati","Statutory Autonomous, AIIMS (Guwahati)",Central Govt.,2020,100
2,Assam,"Assam Medical College, Dibrugarh",Srimanta Shankardeva University of Health Sciences,State Govt.,1947,250
3,Assam,"Dhubri Medical College, Dhubri",Srimanta Shankardeva University of Health Sciences,State Govt.,2022,100
4,Assam,"Diphu Medical College & Hospital, Diphu",Srimanta Shankardeva University of Health Sciences,State Govt.,2020,100
5,Assam,"ESIC Medical College and Hospital, Beltola",Srimanta Shankardeva University of Health Sciences,Central Govt.,2025,50
6,Assam,"Fakhruddin Ali Ahmed Medical College, Barpeta, Assam",Srimanta Shankardeva University of Health Sciences,State Govt-Society,2012,125
7,Assam,"Gauhati Medical College, Guwahati",Srimanta Shankardeva University of Health Sciences,State Govt.,1960,250
8,Assam,"Jorhat Medical College & Hospital , Jorhat",Srimanta Shankardeva University of Health Sciences,State Govt.,2010,125
9,Assam,Kokrajhar Medical College,Srimanta Shankardeva University of Health Sciences,State Govt.,2023,100
10,Assam,Lakhimpur Medical College,Srimanta Shankardeva University of Health Sciences,State Govt.,2021,100
11,Assam,Nagaon Medical College,Srimanta Shankardeva University of Health Sciences,State Govt.,2023,100
12,Assam,"Nalbari Medical College, Nalbari",Srimanta Shankardeva University of Health Sciences,State Govt.,2023,100
13,Assam,"Silchar Medical College, Silchar",Srimanta Shankardeva University of Health Sciences,State Govt.,1968,150
14,Assam,"Tezpur Medical College & Hospital, Tezpur",Srimanta Shankardeva University of Health Sciences,State Govt.,2014,125
15,Assam,"Tinsukia Medical College, Luhari",Srimanta Shankardeva University of Health Sciences,State Govt.,2024,100
16,Assam,Pragjyotishpur Medical College,Srimanta Shankardeva University of Health Sciences,State Govt.,2025,100
1,Bihar,"All India Institute of Medical Sciences, Patna","Statutory Autonomous, AIIMS(New Delhi)",Central Govt.,2012,125
2,Bihar,"Anugrah Narayan Magadh Medical College, Gaya","Aryabhatta Knowledge University, Patna",State Govt.,1970,120
3,Bihar,"Bhagwan Mahavir Institute of Medical Sciences, Pawapuri, Nalanda","Aryabhatta Knowledge University, Patna",State Govt.,2013,120
4,Bihar,"Darbhanga Medical College, Lehriasarai","Aryabhatta Knowledge University, Patna",State Govt.,1946,120
5,Bihar,"Employees State Insurance Corporation Medical College, Patna","Aryabhatta Knowledge University, Patna",Central Govt.,2021,100
6,Bihar,"Government Medical College, Bettiah","Aryabhatta Knowledge University, Patna",State Govt.,2013,120
7,Bihar,"Government Medical College, Purnea","Aryabhatta Knowledge University, Patna",State Govt.,2023,100
8,Bihar,"Indira Gandhi Institute of Medical Sciences, Sheikhpura, Patna","Indira Gandhi Instt of Medical Sciences (Deemed University), Patna",State Govt.,2011,150
9,Bihar,"Jannayak Karpoori Thakur Medical College & Hospital, Madhepura","Aryabhatta Knowledge University, Patna",State Govt.,2020,100
10,Bihar,"Jawaharlal Nehru Medical College, Bhagalpur","Aryabhatta Knowledge University, Patna",State Govt.,1971,120
11,Bihar,"Nalanda Medical College, Patna","Aryabhatta Knowledge University, Patna",State Govt.,1970,150
12,Bihar,"Patna Medical College, Patna","Aryabhatta Knowledge University, Patna",State Govt.,1925,200
13,Bihar,"Shri Krishna Medical College, Muzzafarpur","Aryabhatta Knowledge University, Patna",State Govt.,1970,120
1,Chandigarh,"Government Medical College, Chandigarh",Punjab University,Govt.,1991,150
1,Chattisgarh,"All India Institute of Medical Sciences, Raipur","Statutory Autonomous, AIIMS(Raipur)",Central Govt.,2012,125
,Chattisgarh,"Chandulal Chandrakar Memorial Medical College, Durg","Pt. Deendayal Upadhyay Memorial Health Sciences and Ayush University, Raipur",State Govt.,2013,200
2,Chattisgarh,"Chhattisgarh Institute of Medical Sciences, Bilaspur","Pt. Deendayal Upadhyay Memorial Health Sciences and Ayush University, Raipur",State Govt.,2001,150
3,Chattisgarh,"Government Medical College, Kanker","Pt. Deendayal Upadhyay Memorial Health Sciences and Ayush University, Raipur",State Govt.,2021,125
4,Chattisgarh,"Government Medical College, Korba","Pt. Deendayal Upadhyay Memorial Health Sciences and Ayush University, Raipur",State Govt.,2022,125
5,Chattisgarh,"GMC (Bharat Ratna Shri Atal Bihari Vajpyee Memorial Med. Col.), Rajnandgaon","Pt. Deendayal Upadhyay Memorial Health Sciences and Ayush University, Raipur",State Govt.,2014,125
6,Chattisgarh,"Rajmata Shrimati Devendra kumari Singhdeo Government Medical College, Ambikapur, (Surguja)","Pt. Deendayal Upadhyay Memorial Health Sciences and Ayush University, Raipur",State Govt.,2016,125
7,Chattisgarh,"Government Medical College, Mahasamund","Pt. Deendayal Upadhyay Memorial Health Sciences and Ayush University, Raipur",State Govt.,2022,125
8,Chattisgarh,"Late Shri Baliram Kashyap Memorial NDMC Govt. Medical College, Jagdalpur","Pt. Deendayal Upadhyay Memorial Health Sciences and Ayush University, Raipur",State Govt.,2006,125
9,Chattisgarh,"Late Shri Lakhi Ram Agrawal Memorial Govt. Medical College, Raigarh","Pt. Deendayal Upadhyay Memorial Health Sciences and Ayush University, Raipur",State Govt.,2013,100
10,Chattisgarh,"Pt. J N M Medical College, Raipur","Pt. Deendayal Upadhyay Memorial Health Sciences and Ayush University, Raipur",State Govt.,1963,230
1,Dadra and Nagar Haveli,"NAMO Medical Education & Research Institute, Govt Medical College, Silvassa",Veer Narmad South Gujarat University,State Govt.,2019,177
1,Delhi,"All India Institute of Medical Sciences, New Delhi","Statutory Autonomous, AIIMS(New Delhi)",Central Govt.,1956,132
2,Delhi,"Atal Bihari Vajpayee Institute of Medical Sciences and Dr. RML Hospital, New Delhi",Guru Gobind Singh Indraprastha University,Central Govt.,2008,100
3,Delhi,"Dr. Baba Saheb Ambedkar Medical College, Rohini, Delhi",Guru Gobind Singh Indraprastha University,State Govt.,2016,125
4,Delhi,"ESIC Medical College & Hospital, Basaidarapur, New Delhi",Guru Gobind Singh Indraprastha University,Central Govt.,2025,50
5,Delhi,"Lady Hardinge Medical College, New Delhi",Delhi University,Central Govt.,1916,240
6,Delhi,"Maulana Azad Medical College, New Delhi",Delhi University,Central Govt.,1958,250
7,Delhi,"North Delhi Muncipal Corporation Medical College, Delhi",Guru Gobind Singh Indraprastha University,State Govt.,2013,60
8,Delhi,"University College of Medical Sciences & GTB Hospital, New Delhi",Delhi University,Central Govt.,1971,170
9,Delhi,"Vardhman Mahavir Medical College & Safdarjung Hospital, Delhi",Guru Gobind Singh Indraprastha University,Central Govt.,2002,170
1,Goa,"Goa Medical College, Panaji",Goa University,Govt.,1963,200
1,Gujarat,"All India Institute of Medical Sciences, Rajkot","Statutory Autonomous, AIIMS (Rajkot)",Central Govt.,2020,75
2,Gujarat,"B.J. Medical College, Ahmedabad",Gujarat University,State Govt.,1946,250
3,Gujarat,"ESIC Medical College,Naroda Baounagar, Ahmedabad",Gujarat University,Central Govt.,2025,50
4,Gujarat,"GMERS Medical College, Dharpur, Patan","Hemchandracharya North Gujarat University, Patan",State Govt-Society,2012,200
5,Gujarat,"GMERS Medical College, Gandhinagar",Gujarat University,State Govt-Society,2012,200
6,Gujarat,"GMERS Medical College, Gotri, Vadodara",MS University of Baroda,State Govt-Society,2011,200
7,Gujarat,"GMERS Medical College, Morbi","Saurashtra University, Rajkot",State Govt.,2022,100
8,Gujarat,"GMERS Medical College, Panchmahal Godhra","Shri Govind Guru University, Godhara",State Govt.,2022,100
9,Gujarat,"GMERS Medical College, Himmatnagar","Hemchandracharya North Gujarat University, Patan",State Govt-Society,2015,200
10,Gujarat,"GMERS Medical College, Junagadh","Bhakta Kavi Narsing Mehta University, Bikha Roa, Khadia",State Govt-Society,2015,200
11,Gujarat,"GMERS Medical College, Sola, Ahmedabad",Gujarat University,State Govt-Society,2011,200
12,Gujarat,"GMERS Medical College, Vadnagar, Mehsana","Hemchandracharya North Gujarat University, Patan",State Govt-Society,2017,200
13,Gujarat,"GMERS Medical College, Navsari",Veer Narmad South Gujarat University,State Govt.,2022,100
14,Gujarat,"GMERS Medical College, Rajpipla",Veer Narmad South Gujarat University,State Govt.,2022,100
15,Gujarat,"GMERS Medical College, Valsad",Veer Narmad South Gujarat University,State Govt-Society,2012,200
16,Gujarat,"Government Medical College, Bhavnagar",Maharaja Krishnakumarsinghji Bhavnagar University,State Govt.,1995,200
17,Gujarat,"Government Medical College, Surat",Veer Narmad South Gujarat University,State Govt.,1964,250
18,Gujarat,"Government Medical College, Porbandar","Bhakta Kavi Narsing Mehta University, Bikha Roa, Khadia",State Govt.,2022,100
19,Gujarat,"Medical College, Baroda",MS University of Baroda,State Govt.,1949,250
20,Gujarat,"MP Shah Medical College, Jamnagar",Saurashtra University,State Govt.,1955,250
21,Gujarat,"Narendra Modi Medical College, Ahmedabad",Gujarat University,State Govt.,2009,200
22,Gujarat,"Pandit Deendayal Upadhyay Medical College, Rajkot",Saurashtra University,State Govt.,1995,200
23,Gujarat,"Smt. N.H.L.Municipal Medical College, Ahmedabad",Gujarat University,State Govt.,1963,250
24,Gujarat,"Surat Municipal Institute of Medical Education & Research, Surat",Veer Narmad South Gujarat University,State Govt.,1999,250
1,Haryana,"BPS Government Medical College for Women, Sonepat","PT. B.D. Sharma University of Health Sciences, Rohtak",State Govt.,2012,120
2,Haryana,"Employees State Insurance Corporation Medical College, Faridabad","PT. B.D. Sharma University of Health Sciences, Rohtak",Central Govt.,2015,150
3,Haryana,"Kalpana Chawala Govt. Medical College, Karnal, Haryana","PT. B.D. Sharma University of Health Sciences, Rohtak",State Govt.,2017,120
4,Haryana,"Maharishi Chyawan Medical College, Koriawas","PT. B.D. Sharma University of Health Sciences, Rohtak",State Govt.,2025,100
5,Haryana,"Pt. B D Sharma Postgraduate Institute of Medical Sciences, Rohtak","PT. B.D. Sharma University of Health Sciences, Rohtak",State Govt.,1960,250
6,Haryana,"Pt. Neki Ram Sharma GMC, Bhiwani","PT. B.D. Sharma University of Health Sciences, Rohtak",State Govt.,2025,100
7,Haryana,"Shaheed Hasan Khan Mewati Government Medical College, Nalhar","PT. B.D. Sharma University of Health Sciences, Rohtak",State Govt.,2013,120
8,Haryana,"Shri Atal Bihari Vajpayee Government Medical College, Faridabad","PT. B.D. Sharma University of Health Sciences, Rohtak",State Govt.,2022,100
1,Himachal Pradesh,"All India Institute of Medical Sciences, Bilaspur","Statutory Autonomous, AIIMS (Bilaspur)",Central Govt.,2020,100
2,Himachal Pradesh,"Dr. Radhakrishnan Government Medical College, Hamirpur",Himachal Pradesh University,State Govt.,2018,120
3,Himachal Pradesh,"Dr. Rajendar Prasad Government Medical College, Tanda",Himachal Pradesh University,State Govt.,1996,120
4,Himachal Pradesh,"Government Medical College, Nahan, Sirmour",Himachal Pradesh University,State Govt.,2016,120
5,Himachal Pradesh,"Indira Gandhi Medical College, Shimla",Himachal Pradesh University,State Govt.,1966,120
6,Himachal Pradesh,"Pt. Jawahar Lal Nehru Government Medical College, Chamba",Himachal Pradesh University,State Govt.,2017,120
7,Himachal Pradesh,"Shri Lal Bahadur Shastri Government Medical College, Mandi (ESIC)",Himachal Pradesh University,State Govt.,2017,120
1,Jammu & Kashmir,"All India Institute of Medical Sciences, Vijaypur","Statutory Autonomous, AIIMS (Vijaypur)",Central Govt.,2020,100
2,Jammu & Kashmir,"Government Medical College & Associated Hospital, Rajouri",Jammu University,State Govt.,2019,100
3,Jammu & Kashmir,"Government Medical College, Anantnag",Kashmir University,State Govt.,2019,150
4,Jammu & Kashmir,"Government Medical College, Baramulla",Kashmir University,State Govt.,2019,150
5,Jammu & Kashmir,"Govt. Medical College, Doda, Kashmir",Kashmir University,State Govt.,2020,150
6,Jammu & Kashmir,"Government Medical College, Handwara",Kashmir University,State Govt.,2023,100
7,Jammu & Kashmir,"Government Medical College, Jammu",Jammu University,State Govt.,1972,200
8,Jammu & Kashmir,"Government Medical College, Kathua",Jammu University,State Govt.,2019,150
9,Jammu & Kashmir,"Government Medical College, Udhampur",University of Jammu,State Govt.,2023,100
10,Jammu & Kashmir,"Government Medical College, Srinagar",Kashmir University,State Govt.,1959,200
11,Jammu & Kashmir,"SKIMS, Srinagar",SKIMS Deemed University,State Govt.,1988,125
1,Jharkhand,"All India Institute of Medical Sciences, Deoghar","Statutory Autonomous, AIIMS(Deoghar)",Central Govt.,2019,125
2,Jharkhand,"Dumka Medical College, Dighi, Dumka",Sidho Kanhu Murmu University,State Govt.,2019,100
3,Jharkhand,"Hazaribagh Medical College, Hazaribagh",Vinoba Bhave University,State Govt.,2019,100
4,Jharkhand,"M G M Medical College, Jamshedpur","Kolhan University, Chaibasa",State Govt.,1961,150
5,Jharkhand,"Palamu Medical College, Palamu",Nilamber-Pitamber University,State Govt.,2019,100
6,Jharkhand,"Rajendra Institute of Medical Sciences, Ranchi",Ranchi University,State Govt.,1960,180
7,Jharkhand,"Shahed Nirmal Mahto Medical College & Hospital, (Patliputra),Dhanbad","Binod Bihati Mahto Koyalanchal University, Dhanbad",State Govt.,1969,100
1,Karnataka,"Bangalore Medical College and Research Institute, Bangalore","Rajiv Gandhi University of Health Sciences, Karnataka",State Govt.,1955,250
2,Karnataka,"Belagavi Institute of Medical Sciences, Belagavi","Rajiv Gandhi University of Health Sciences, Karnataka",State Govt.,2006,200
3,Karnataka,"Bidar Institute of Medical Sciences, Bidar","Rajiv Gandhi University of Health Sciences, Karnataka",State Govt.,2007,200
4,Karnataka,"Chikkaballapura Institute of Medical Sciences, Chikkaballapura","Rajiv Gandhi University of Health Sciences, Karnataka",State Govt.,2021,150
5,Karnataka,"Chamrajanagar Institute of Medical Sciences, Chamarajanagar","Rajiv Gandhi University of Health Sciences, Karnataka",State Govt.,2016,150
6,Karnataka,"Chikkamagaluru Institute of Medical Sciences, Chikkamagaluru","Rajiv Gandhi University of Health Sciences, Karnataka",State Govt.,2022,150
7,Karnataka,"Chitradurga Medical College and Research Institute, Chitradurga","Rajiv Gandhi University of Health Sciences, Karnataka",State Govt.,2023,150
8,Karnataka,"Employees State Insurance Corporation Medical College, Bangalore","Rajiv Gandhi University of Health Sciences, Karnataka",Central Govt.,2012,150
9,Karnataka,"Employees State Insurance Corporation Medical College, Gulbarga","Rajiv Gandhi University of Health Sciences, Karnataka",Central Govt.,2013,150
10,Karnataka,"Gadag Institute of Medical Sciences, Mallasamudra, Mulgund Road, Gadag","Rajiv Gandhi University of Health Sciences, Karnataka",State Govt.,2015,150
11,Karnataka,"Gulbarga Institute of Medical Sciences, Gulbarga","Rajiv Gandhi University of Health Sciences, Karnataka",State Govt.,2015,200
12,Karnataka,"Hassan Institute of Medical Sciences, Hassan","Rajiv Gandhi University of Health Sciences, Karnataka",State Govt.,2006,200
13,Karnataka,"Karnataka Institute of Medical Sciences, Hubballi","Rajiv Gandhi University of Health Sciences, Karnataka",State Govt.,1957,200
14,Karnataka,"Karwar Institute of Medical Sciences, Karwar","Rajiv Gandhi University of Health Sciences, Karnataka",State Govt.,2016,150
15,Karnataka,"Kodagu Institute of Medical Sciences, Kodagu","Rajiv Gandhi University of Health Sciences, Karnataka",State Govt.,2016,150
16,Karnataka,"Koppal Institute of Medical Sciences, Koppal","Rajiv Gandhi University of Health Sciences, Karnataka",State Govt.,2015,150
17,Karnataka,"Mandya Institute of Medical Sciences, Mandya","Rajiv Gandhi University of Health Sciences, Karnataka",State Govt.,2006,150
18,Karnataka,"Mysore Medical College and Research Instt. (Prev.name Government Medical College), Mysore","Rajiv Gandhi University of Health Sciences, Karnataka",State Govt.,1924,250
19,Karnataka,"Raichur Institute of Medical Sciences, Raichur","Rajiv Gandhi University of Health Sciences, Karnataka",State Govt.,2007,200
20,Karnataka,"Shimoga Institute of Medical Sciences, Shimoga","Rajiv Gandhi University of Health Sciences, Karnataka",State Govt.,2007,150
21,Karnataka,"Shri Atal Bihari Vajpayee Medical College & Research Institute, Bengaluru","Rajiv Gandhi University of Health Sciences, Karnataka",State Govt.,2019,200
22,Karnataka,"Vijaynagar Institute of Medical Sciences, Bellary","Rajiv Gandhi University of Health Sciences, Karnataka",State Govt.,1961,250
23,Karnataka,"Yadgiri Institute of Medical Sciences, Yadgiri","Rajiv Gandhi University of Health Sciences, Karnataka",State Govt.,2022,150
1,Kerala,"Government Medical College (Institute of Integrated Medical Sciences), Yakkara, Palakkad","Kerala University of Health Sciences, Thrissur",State Govt.,2014,100
2,Kerala,"Government Medical College, Ernakulam","Kerala University of Health Sciences, Thrissur",State Govt.,2000,110
3,Kerala,"Government Medical College, Kottayam","Kerala University of Health Sciences, Thrissur",State Govt.,1960,175
4,Kerala,"Government Medical College, Kozhikode, Calicut","Kerala University of Health Sciences, Thrissur",State Govt.,1957,250
5,Kerala,"Government Medical College, Manjeri, Malapuram Dist.","Kerala University of Health Sciences, Thrissur",State Govt.,2013,110
6,Kerala,"Government Medical College, Idukki","Kerala University of Health Sciences, Thrissur, Kerala",State Govt.,2022,100
7,Kerala,"Government Medical College, Parippally, Kollam (ESI)","Kerala University of Health Sciences, Thrissur",Central Govt.,2017,110
8,Kerala,"Government Medical College, Konni","Kerala University of Health Sciences, Thrissur, Kerala",State Govt.,2022,100
9,Kerala,"Govt. Medical College,Pariyaram, Kannur (Prev. Known as Academy of Medical Sciences)","Kerala University of Health Sciences, Thrissur, Kerala",State Govt.,1995,100
10,Kerala,"Government Medical College, Thrissur","Kerala University of Health Sciences, Thrissur",State Govt.,1981,175
11,Kerala,"Medical College, Thiruvananthapuram","Kerala University of Health Sciences, Thrissur",State Govt.,1951,250
12,Kerala,"T D Medical College, Alleppey (Alappuzha)","Kerala University of Health Sciences, Thrissur",State Govt.,1963,175
13,Kerala,Government Medical College Kasaragod,"Kerala University of Health Sciences, Thrissur",State Govt.,2025,50
14,Kerala,"Government Medical College, Wayanad","Kerala University of Health Sciences, Thrissur",State Govt.,2025,50
1,Madhya Pradesh,"All India Institute of Medical Sciences, Bhopal","Statutory Autonomous, AIIMS(Bhopal)",Central Govt.,2012,125
2,Madhya Pradesh,"Bundelkhand Medical College, Sagar","Madhya Pradesh Medical Science University, Jabalpur",State Govt.,2009,150
3,Madhya Pradesh,"ESIC Medical College and Hospital, Indore","Madhya Pradesh Medical Science University, Jabalpur",Central Govt.,,50
3,Madhya Pradesh,"Gajra Raja Medical College, Gwalior","Madhya Pradesh Medical Science University, Jabalpur",State Govt.,1946,200
4,Madhya Pradesh,"Gandhi Medical College, Bhopal","Madhya Pradesh Medical Science University, Jabalpur",State Govt.,1955,250
5,Madhya Pradesh,"Government Medical College, Chhindwara","Madhya Pradesh Medical Science University, Jabalpur",State Govt.,2019,150
6,Madhya Pradesh,"Government Medical College, Datia","Madhya Pradesh Medical Science University, Jabalpur",State Govt.,2018,120
7,Madhya Pradesh,"Government Medical College, Khandwa","Madhya Pradesh Medical Science University, Jabalpur",State Govt.,2018,120
8,Madhya Pradesh,"Government Medical College, Ratlam","Madhya Pradesh Medical Science University, Jabalpur",State Govt.,2018,180
9,Madhya Pradesh,"Government Medical College, Satna","Madhya Pradesh Medical Science University, Jabalpur",State Govt.,2023,150
10,Madhya Pradesh,"Government Medical College, Shahdol, MP","Madhya Pradesh Medical Science University, Jabalpur",State Govt.,2019,100
11,Madhya Pradesh,"Government Medical College, Shivpuri, MP","Madhya Pradesh Medical Science University, Jabalpur",State Govt.,2019,100
12,Madhya Pradesh,"Government Medical College, Vidisha, MP","Madhya Pradesh Medical Science University, Jabalpur",State Govt.,2018,180
13,Madhya Pradesh,"M G M Medical College, Indore","Madhya Pradesh Medical Science University, Jabalpur",State Govt.,1948,250
14,Madhya Pradesh,"Netaji Subhash Chandra Bose Medical College, Jabalpur","Madhya Pradesh Medical Science University, Jabalpur",State Govt.,1955,250
15,Madhya Pradesh,"Shyam Shah Medical College, Rewa","Madhya Pradesh Medical Science University, Jabalpur",State Govt.,1963,150
16,Madhya Pradesh,"Virendra Kumar Sakhlecha GMC, Neemuch","Madhya Pradesh Medical Science University, Jabalpur",State Govt.,2024,100
17,Madhya Pradesh,"Government Medical College, Seoni","Madhya Pradesh Medical Science University, Jabalpur",State Govt.,2024,100
18,Madhya Pradesh,Sundarlal Patwa Govt. Medical College,"Madhya Pradesh Medical Science University, Jabalpur",State Govt.,2024,100
19,Madhya Pradesh,"Government Medical College, Singrauli","Madhya Pradesh Medical Science University, Jabalpu",State Govt.,2025,100
20,Madhya Pradesh,"Government Medical College, Sheopur","Madhya Pradesh Medical Science University, Jabalpu",State Govt.,2025,100
1,Maharashtra,"All India Institute of Medical Sciences, Nagpur","Statutory Autonomous, AIIMS (New Delhi)",Central Govt.,2018,125
2,Maharashtra,"Armed Forces Medical College, Pune","Maharashtra University of Health Sciences, Nashik",Central Govt.,1962,150
3,Maharashtra,"B. J. Govt. Medical College, Pune","Maharashtra University of Health Sciences, Nashik",State Govt.,1964,250
4,Maharashtra,"Dr Vaishampayan Memorial Medical College, Solapur","Maharashtra University of Health Sciences, Nashik",State Govt.,1963,200
5,Maharashtra,"Dr. Shankarrao Chavan Govt. Medical College, Nanded","Maharashtra University of Health Sciences, Nashik",State Govt.,1988,150
6,Maharashtra,"ESIC Medical College and Hospital, Andheri","Maharashtra University of Health Sciences, Nashik",Central Govt.,2025,50
7,Maharashtra,"Government Medical College, Alibag","Maharashtra University of Health Sciences, Nashik",State Govt.,2021,100
8,Maharashtra,"Government Medical College, Amravati","Maharashtra University of Health Sciences, Nashik",State Govt.,2024,100
9,Maharashtra,"Government Medical College & Hospital, Baramati","Maharashtra University of Health Sciences, Nashik",State Govt.,2019,100
10,Maharashtra,"Government Medical College, Akola","Maharashtra University of Health Sciences, Nashik",State Govt.,2002,200
11,Maharashtra,"Government Medical college, Ambernath","Maharashtra University of Health Sciences, Nashik",State Govt.,2024,100
12,Maharashtra,"Government Medical College, Aurangabad","Maharashtra University of Health Sciences, Nashik",State Govt.,1956,200
13,Maharashtra,"Government Medical College, Bhandara,","Maharashtra University of Health Sciences, Nashik",State Govt.,2024,100
14,Maharashtra,"Government Medical College, Buldana","Maharashtra University of Health Sciences, Nashik",State Govt.,2024,100
15,Maharashtra,"Government Medical College, Chandrapur","Maharashtra University of Health Sciences, Nashik",State Govt.,2015,150
16,Maharashtra,"Goverment Medical College, Gadchiroli","Maharashtra University of Health Sciences, Nashik",State Govt.,2024,100
17,Maharashtra,"Government Medical College, Gondia","Maharashtra University of Health Sciences, Nashik",State Govt.,2016,150
18,Maharashtra,"Government Medical College, Hingoli","Maharashtra University of Health Sciences, Nashik",State Govt.,2024,100
19,Maharashtra,"Government Medical College, Jalgaon","Maharashtra University of Health Sciences, Nashik",State Govt.,2018,150
20,Maharashtra,"Government Medical College, Jalna","Maharashtra University of Health Sciences, Nashik",State Govt.,2024,100
21,Maharashtra,"Government Medical College, Latur","Maharashtra University of Health Sciences, Nashik",State Govt.,2002,150
22,Maharashtra,"Government Medical College, Miraj","Maharashtra University of Health Sciences, Nashik",State Govt.,1962,200
23,Maharashtra,"Government Medical College, Nagpur","Maharashtra University of Health Sciences, Nashik",State Govt.,1947,250
24,Maharashtra,"Government Medical College, Nandurbar","Maharashtra University of Health Sciences, Nashik",State Govt.,2020,100
25,Maharashtra,"Government Medical College, Nashik","Maharashtra University of Health Sciences, Nashik",State Govt.,2024,50
26,Maharashtra,"Government Medical College, Osmanabad","Maharashtra University of Health Sciences, Nashik",State Govt.,2022,100
27,Maharashtra,"Government Medical College, Parbhani","Maharashtra University of Health Sciences, Nashik",State Govt.,2023,100
28,Maharashtra,"Government Medical college and District Hospital, Ratnagiri","Maharashtra University of Health Sciences, Nashik",State Govt.,2023,100
29,Maharashtra,"Government Medical College, Satara","Maharashtra University of Health Sciences, Nashik",State Govt.,2021,100
30,Maharashtra,"Government Medical College, Sindhudurg","Maharashtra University of Health Sciences, Nashik",State Govt.,2021,100
31,Maharashtra,"Government Medical College, Washim","Maharashtra University of Health Sciences, Nashik",State Govt.,2024,100
32,Maharashtra,"Grant Medical College, Mumbai","Maharashtra University of Health Sciences, Nashik",State Govt.,1845,250
33,Maharashtra,"H.B.T. Medical College & Dr. R.N. Cooper Municipal General Hospital, Juhu, Mumbai","Maharashtra University of Health Sciences, Nashik",State Govt.,2015,200
34,Maharashtra,"Indira Gandhi Medical College & Hospital, Nagpur","Maharashtra University of Health Sciences, Nashik",State Govt.,1968,200
35,Maharashtra,"Lokmanya Tilak Municipal Medical College, Sion, Mumbai","Maharashtra University of Health Sciences, Nashik",State Govt.,1964,200
36,Maharashtra,"Rajashree Chatrapati Shahu Maharaj Government Medical College, Kolhapur","Maharashtra University of Health Sciences, Nashik",State Govt.,2001,150
37,Maharashtra,"Rajiv Gandhi Medical College and Chhatrapati Shivaji Maharaj Hospital, Thane","Maharashtra University of Health Sciences, Nashik",State Govt.,1992,100
38,Maharashtra,"Seth GS Medical College, Mumbai","Maharashtra University of Health Sciences, Nashik",State Govt.,1925,250
39,Maharashtra,"Shri Vasant Rao Naik Govt. Medical College, Yavatmal","Maharashtra University of Health Sciences, Nashik",State Govt.,1989,200
40,Maharashtra,"Sri Bhausaheb Hire Government Medical College, Dhule","Maharashtra University of Health Sciences, Nashik",State Govt.,1988,150
41,Maharashtra,"SRTR Medical College, Ambajogai","Maharashtra University of Health Sciences, Nashik",State Govt.,1974,150
42,Maharashtra,"Topiwala National Medical College, Mumbai","Maharashtra University of Health Sciences, Nashik",State Govt.,1964,150
43,Maharashtra,"Government Medical College, Mumbai","Maharashtra University of Health Sciences, Nashik",State Govt.,2024,50
1,Manipur,"Government Medical College, Churachandpur",Manipur University,State Govt.,2022,100
2,Manipur,"Jawaharlal Nehru Institute of Medical Sciences,Porompet,Imphal",Manipur University,State Govt.,2010,150
3,Manipur,"Regional Institute of Medical Sciences, Imphal",Manipur University,State Govt.,1972,125
1,Meghalaya,"North Eastern Indira Gandhi Regional Instt. of Health and Medical Sciences, Shillong","North Eastern Hill University, Shillong",Central Govt.,2008,50
2,Meghalaya,Shillong Medical College,"North Eastern Hill University, Shillong",State Govt.,2025,50
1,Mizoram,"Zoram Medical College, Mizoram",Mizoram University,State Govt.,2018,100
1,Nagaland,Nagaland Institute of Medical Sciences & Research,Nagaland University,State Govt.,2023,100
1,Odisha,"AIIMS, Bhubaneswar","Statutory Autonomous, AIIMS",Central Govt.,2012,125
2,Odisha,"Dharanidhar Medical College & Hospital (DDMCH), Keonjhar","MSCBD University, Baripada",State Govt.,2022,100
3,Odisha,"Government Medical College & Hospital (Renamed as Bhima Bhoi Medical College & Hospital), Balangir",Sambalpur University,State Govt.,2018,100
4,Odisha,"Government Medical College & Hospital (Renamed as Fakir Mohan Medical College & Hospital), Balasore","Fakir Mohan University, Balasore",State Govt.,2018,100
5,Odisha,"MKCG Medical College, Berhampur",Berhampur University,State Govt.,1962,250
6,Odisha,"Pt. Raghunath Murmu Medical College and Hospital, Baripada","North Odisha University, Baripada, Odisha",State Govt.,2017,125
7,Odisha,"Saheed Rendo Majhi Medical College & Hospital, Bhawanipatna, Kalahandi",The Kalahandi university,State Govt.,2023,100
8,Odisha,"Saheed Laxman Nayak Medical College & Hospital, Koraput",Berhampur University,State Govt.,2017,125
9,Odisha,"Sri Jagannath Medical College & Hospital, Puri","Utkal University, Bhubaneswar",State Govt.,2021,100
10,Odisha,"SCB Medical College, Cuttack","Utkal University, Bhubaneswar",State Govt.,1944,250
11,Odisha,"Government Medical College, Sundargarh",Sambalpur University,State Govt.,2022,100
12,Odisha,"Veer Surendra Sai Institute of Medical Sciences and Research, Burla",Sambalpur University,State Govt.,1959,200
13,Odisha,"Government Medical College and Hospital, Jajpur,","The Orissa University Of Health Sciences, Bhubaneswar",State Govt.,2024,50
14,Odisha,"Pabitra Mohan Pradhan Medical College, Talcher","The Orissa University Of Health Sciences, Bhubaneswar",State Govt.,2025,100
15,Odisha,"Government Medical College Phulbani, Kandhamal","Utkal University, Bhubaneswar",State Govt.,2025,100
1,Pondicherry,"Indira Gandhi Medical College & Research Institute, Puducherry",Pondicherry University,Govt.,2010,180
2,Pondicherry,"Jawaharlal Institute of Postgraduate Medical Education & Research, Puducherry","Statutory Autonomous, Puducherry",Central Govt.,1956,243
1,Punjab,"All India Institute of Medical Sciences, Bhatinda","Statutory Autonomous, AIIMS(New Delhi)",Central Govt.,2019,100
2,Punjab,"Dr B R Ambedkar State Institute of Medical Sciences,Mohali","Baba Farid University of Health Sciences,Faridkot",State Govt.,2021,100
3,Punjab,ESIC Medical College Ludhiana,"Baba Farid University of Health Sciences,Faridkot",State Govt.,2025,50
4,Punjab,"Government Medical College, Amritsar","Baba Farid University of Health Sciences,Faridkot",State Govt.,1943,250
5,Punjab,"Government Medical College, Patiala","Baba Farid University of Health Sciences,Faridkot",State Govt.,1953,250
6,Punjab,"Guru Govind Singh Medical College, Faridkot","Baba Farid University of Health Sciences,Faridkot",State Govt.,1973,250
1,Rajasthan,"All India Institute of Medical Sciences, Jodhpur","Statutory Autonomous, AIIMS(New Delhi)",Central Govt.,2012,100
2,Rajasthan,"Employees State Insurance Corporation Medical College, Alwar",Rajasthan University of Health Sciences,Central Govt.,2021,100
3,Rajasthan,"ESIC Medical College & Hospital, Jaipur",Rajasthan University of Health Sciences,Central Govt.,2025,50
4,Rajasthan,"Dr SN Medical College, Jodhpur",Rajasthan University of Health Sciences,State Govt.,1965,250
5,Rajasthan,"Government Medical College, Alwar",Rajasthan University of Health Sciences,State Govt.,2023,100
6,Rajasthan,"Government Medical College, Barmer",Rajasthan University of Health Sciences,State Govt.,2019,130
7,Rajasthan,"Government Medical College, Bharatpur",Rajasthan University of Health Sciences,State Govt.,2018,150
8,Rajasthan,"Government Medical College, Bhilwara",Rajasthan University of Health Sciences,State Govt.,2018,150
9,Rajasthan,"Government Medical College, Bundi",Rajasthan University of Health Sciences,State Govt.,2023,100
10,Rajasthan,"Government Medical College, Chittorgarh",Rajasthan University of Health Sciences,State Govt.,2022,100
11,Rajasthan,"Government Medical College, Churu",Rajasthan University of Health Sciences,State Govt.,2018,150
12,Rajasthan,"Government Medical College, Dausa",Rajasthan University of Health Sciences,State Govt.,2023,100
13,Rajasthan,"Government Medical College, Dholpur",Rajasthan University of Health Sciences,State Govt.,2022,100
14,Rajasthan,"Government Medical College, Dungarpur",Rajasthan University of Health Sciences,State Govt.,2018,150
15,Rajasthan,"Government Medical College, Hanumangarh",Rajasthan University of Health Sciences,State Govt.,2023,100
16,Rajasthan,"Government Medical College, Karauli",Rajasthan University of Health Sciences,State Govt.,2023,100
17,Rajasthan,"Government Medical College, Kota",Rajasthan University of Health Sciences,State Govt.,1992,250
18,Rajasthan,"Government Medical College, Pali",Rajasthan University of Health Sciences,State Govt.,2018,150
19,Rajasthan,"Government Medical College, Sirohi",Rajasthan University of Health Sciences,State Govt.,2022,100
20,Rajasthan,"Government Medical College, Sri Ganganagar",Rajasthan University of Health Sciences,State Govt.,2022,100
21,Rajasthan,"Jawaharlal Nehru Medical College, Ajmer",Rajasthan University of Health Sciences,State Govt.,1965,250
22,Rajasthan,"Jhalawar Medical College, Jhalawar",Rajasthan University of Health Sciences,State Govt.,2008,200
23,Rajasthan,"R N T Medical College, Udaipur",Rajasthan University of Health Sciences,State Govt.,1961,250
24,Rajasthan,"RUHS College of Medical Sciences, Jaipur",Rajasthan University of Health Sciences,State Govt.,2014,150
25,Rajasthan,"Sardar Patel Medical College, Bikaner",Rajasthan University of Health Sciences,State Govt.,1959,250
26,Rajasthan,"Shri Kalyan Govt. Medical College, Sikar",Rajasthan University of Health Sciences,State Govt.,2020,100
27,Rajasthan,"SMS Medical College, Jaipur",Rajasthan University of Health Sciences,State Govt.,1947,250
28,Rajasthan,"Government Medical College, Baran",Rajasthan University of Health Sciences,State Govt.,2024,100
29,Rajasthan,"Government Medical College, Nagaur",Rajasthan University of Health Sciences,State Govt.,2024,100
30,Rajasthan,"Government Medical College, Jhunjhunu",Rajasthan University of Health Sciences,State Govt.,2024,100
31,Rajasthan,"Government Medical College, Sawai Madhopur",Rajasthan University of Health Sciences,State Govt.,2024,100
32,Rajasthan,"Government Medical College, Jaisalmer",Rajasthan University of Health Sciences,State Govt.,2025,50
33,Rajasthan,"Government medical college, Tonk",Rajasthan University of Health Sciences,State Govt.,2025,50
1,Tamil Nadu,"All India Institute of Medical Sciences, Madurai","Statutory Autonomous, AIIMS (Madurai)",Central Govt.,2020,50
2,Tamil Nadu,"Chengalpattu Medical College, Chengalpattu","The Tamilnadu Dr. MGR Medical University,Chennai",State Govt.,1965,100
3,Tamil Nadu,"Coimbatore Medical College, Coimbatore","The Tamilnadu Dr. MGR Medical University,Chennai",State Govt.,1966,150
4,Tamil Nadu,"ESI-PGIMSR, ESI Hospital, K.K Nagar, Chennai","The Tamilnadu Dr. MGR Medical University,Chennai",Central Govt.,2013,150
5,Tamil Nadu,"Government Medical College,Ariyalur","The Tamilnadu Dr. MGR Medical University,Chennai",State Govt.,2021,150
6,Tamil Nadu,"Government Dharmapuri Medical College, Dharmapuri","The Tamilnadu Dr. MGR Medical University,Chennai",State Govt.,2008,100
7,Tamil Nadu,"Government Medical College,Dindigul","The Tamilnadu Dr. MGR Medical University,Chennai",State Govt.,2021,150
8,Tamil Nadu,"Government Medical College & ESIC Hospital, Coimbatore","The Tamilnadu Dr. MGR Medical University,Chennai",Central Govt.,2016,100
9,Tamil Nadu,Government Medical College Kallakurichi,"The Tamilnadu Dr. MGR Medical University,Chennai",State Govt.,2021,100
10,Tamil Nadu,"Government Medical College, Karur","The Tamilnadu Dr. MGR Medical University,Chennai",State Govt.,2019,150
11,Tamil Nadu,Government Medical College Krishnagiri,"The Tamilnadu Dr. MGR Medical University,Chennai",State Govt.,2021,150
12,Tamil Nadu,Government Medical College Nagapattinam,"The Tamilnadu Dr. MGR Medical University,Chennai",State Govt.,2021,150
13,Tamil Nadu,"Government Medical College, Namakkal","The Tamilnadu Dr. MGR Medical University,Chennai",State Govt.,2021,100
14,Tamil Nadu,"Government Medical College, The Nilgiris","The Tamilnadu Dr. MGR Medical University,Chennai",State Govt.,2021,100
15,Tamil Nadu,"Government Medical College, Omandurar","The Tamilnadu Dr. MGR Medical University,Chennai",State Govt.,2015,100
16,Tamil Nadu,"Government Medical College, Pudukottai","The Tamilnadu Dr. MGR Medical University,Chennai",State Govt.,2017,150
17,Tamil Nadu,Government Medical College Ramanathapuram,"The Tamilnadu Dr. MGR Medical University,Chennai",State Govt.,2021,100
18,Tamil Nadu,"Government Sivagangai Medical College, Sivaganga","The Tamilnadu Dr. MGR Medical University,Chennai",State Govt.,2012,100
19,Tamil Nadu,"Government Medical College, Thiruvallu","The Tamilnadu Dr. MGR Medical University,Chennai",State Govt.,2021,100
20,Tamil Nadu,"Government Medical College ,Tiruppur","The Tamilnadu Dr. MGR Medical University,Chennai",State Govt.,2021,100
21,Tamil Nadu,"Government Thiruvannamalai Medical College, Thiruvannamalai","The Tamilnadu Dr. MGR Medical University,Chennai",State Govt.,2013,100
22,Tamil Nadu,"Government Vellore Medical College, Vellore","The Tamilnadu Dr. MGR Medical University,Chennai",State Govt.,2005,100
23,Tamil Nadu,"Government Medical College, Virudhunagar","The Tamilnadu Dr. MGR Medical University,Chennai",State Govt.,2021,150
24,Tamil Nadu,"Government Villupuram Medical College, Villupuram","The Tamilnadu Dr. MGR Medical University,Chennai",State Govt.,2010,100
25,Tamil Nadu,"Government Erode Medical College & Hospital, IRT Perundurai Medical College, Perundurai","The Tamilnadu Dr. MGR Medical University,Chennai",State Govt.,1992,100
26,Tamil Nadu,"K A P Viswanathan Government Medical College, Trichy","The Tamilnadu Dr. MGR Medical University,Chennai",State Govt.,1998,150
27,Tamil Nadu,"KanyaKumari Government Medical College, Asaripallam","The Tamilnadu Dr. MGR Medical University,Chennai",State Govt.,2003,150
28,Tamil Nadu,"Kilpauk Medical College, Chennai","The Tamilnadu Dr. MGR Medical University,Chennai",State Govt.,1960,150
29,Tamil Nadu,"Madras Medical College, Chennai","The Tamilnadu Dr. MGR Medical University,Chennai",State Govt.,1835,250
30,Tamil Nadu,"Madurai Medical College, Madurai","The Tamilnadu Dr. MGR Medical University,Chennai",State Govt.,1954,250
31,Tamil Nadu,"Mohan Kumaramangalam Medical College, Salem","The Tamilnadu Dr. MGR Medical University,Chennai",State Govt.,1986,100
32,Tamil Nadu,"Rajah Muthiah Medical College, Annamalainagar",Annamalai University,State Govt.,1985,150
33,Tamil Nadu,"Stanley Medical College, Chennai","The Tamilnadu Dr. MGR Medical University,Chennai",State Govt.,1838,250
34,Tamil Nadu,"Thanjavur Medical College,Thanjavur","The Tamilnadu Dr. MGR Medical University,Chennai",State Govt.,1959,150
35,Tamil Nadu,"Theni Government Medical College,Theni","The Tamilnadu Dr. MGR Medical University,Chennai",State Govt.,2006,100
36,Tamil Nadu,"Thiruvarur Govt. Medical College, Thiruvarur","The Tamilnadu Dr. MGR Medical University,Chennai",State Govt.,2010,100
37,Tamil Nadu,"Thoothukudi Medical College, Thoothukudi","The Tamilnadu Dr. MGR Medical University,Chennai",State Govt.,2000,150
38,Tamil Nadu,"Tirunelveli Medical College,Tirunelveli","The Tamilnadu Dr. MGR Medical University,Chennai",State Govt.,1965,250
39,Tamil Nadu,"Annaii Medical College and Hospital, Kancheepuram Distt","The Tamilnadu Dr. MGR Medical University,Chennai",State Govt.,2024,100
1,Telangana,"All India Institute of Medical Sciences, Bibinagar","Statutory Autonomous, AIIMS(New Delhi)",Central Govt.,2019,100
2,Telangana,"Employees State Insurance Coporation Medical College, Hyderabad","Kaloji Narayana Rao University of Health Sciences, Warangal",Central Govt.,2016,150
3,Telangana,"Government Medical College, Jagtial","Kaloji Narayana Rao University of Health Sciences, Warangal",State Govt.,2022,150
4,Telangana,"Government Medical College, Jayashankar Bhupalpally","Kaloji Narayana Rao University of Health Sciences, Warangal",State Govt.,2023,100
5,Telangana,Government Medical College Jangaon,"Kaloji Narayana Rao University of Health Sciences, Warangal",State Govt.,2023,100
6,Telangana,"Government Medical College, Kamareddy","Kaloji Narayana Rao University of Health Sciences, Warangal",State Govt.,2023,100
7,Telangana,"Government Medical College, Karimnagar","Kaloji Narayana Rao University of Health Sciences, Warangal",State Govt.,2023,100
8,Telangana,"Government Medical College, Khammam","Kaloji Narayana Rao University of Health Sciences, Warangal",State Govt.,2023,100
9,Telangana,"Government Medical College, Bhadradri Kothagudem","Kaloji Narayana Rao University of Health Sciences, Warangal",State Govt.,2022,150
10,Telangana,"Government Medical College, Kumuram Bheem Asifabad","Kaloji Narayana Rao University of Health Sciences, Warangal",State Govt.,2023,100
11,Telangana,"Government Medical College, Mahabubabad","Kaloji Narayana Rao University of Health Sciences, Warangal",State Govt.,2022,150
12,Telangana,"Government Medical College, Mancherial","Kaloji Narayana Rao University of Health Sciences, Warangal",State Govt.,2022,100
13,Telangana,"Government Medical College, Nagarkurnool","Kaloji Narayana Rao University of Health Sciences, Warangal",State Govt.,2022,150
14,Telangana,"Government Medical College, Sangareddy","Kaloji Narayana Rao University of Health Sciences, Warangal",State Govt.,2022,150
15,Telangana,"Government Medical College, Vikarabad","Kaloji Narayana Rao University of Health Sciences, Warangal",State Govt.,2023,100
16,Telangana,"Government Medical College, Wanaparthy","Kaloji Narayana Rao University of Health Sciences, Warangal",State Govt.,2022,150
17,Telangana,"Gandhi Medical College, Secunderabad","NTR University of Health Sciences, VijayWada",State Govt.,1954,250
18,Telangana,"Government Medical College, Mahabubnagar","Kaloji Narayana Rao University of Health Sciences, Warangal",State Govt.,2016,175
19,Telangana,"Government Medical College, Nalgonda","Kaloji Narayana Rao University of Health Sciences, Warangal",State Govt.,2019,150
20,Telangana,"Government Medical College, Nirmal","Kaloji Narayana Rao University of Health Sciences, Warangal",State Govt.,2023,100
21,Telangana,"Government Medical College, Nizamabad","Kaloji Narayana Rao University of Health Sciences, Warangal",State Govt.,2013,120
22,Telangana,"Government Medical College, Ramagundam","Kaloji Narayana Rao University of Health Sciences, Warangal",State Govt.,2022,150
23,Telangana,"Government Medical College, Rajanna Sircilla","Kaloji Narayana Rao University of Health Sciences, Warangal",State Govt.,2023,100
24,Telangana,"Government Medical College, Siddipet","Kaloji Narayana Rao University of Health Sciences, Warangal",State Govt.,2018,175
25,Telangana,"Government Medical College, Suryapet","Kaloji Narayana Rao University of Health Sciences, Warangal",State Govt.,2019,150
26,Telangana,"Kakatiya Medical College, Wrangal","NTR University of Health Sciences, VijayWada",State Govt.,1959,250
27,Telangana,"Osmania Medical College, Hyderabad","NTR University of Health Sciences, VijayWada",State Govt.,1946,250
28,Telangana,"Rajiv Gandhi Institute of Medical Sciences, adilabad","Kaloji Narayana Rao University of Health Sciences, Warangal",State Govt.,2008,120
29,Telangana,"Government Medical College, Maheshwaram","Kaloji Narayana Rao University of Health Sciences, Warangal",State Govt.,2024,50
30,Telangana,"Government Medical College, Medak","Kaloji Narayana Rao University of Health Sciences, Warangal",State Govt.,2024,50
31,Telangana,"Government Medical College, Yadadri","Kaloji Narayana Rao University of Health Sciences, Warangal",State Govt.,2024,50
32,Telangana,"Government medical College, Quthbullapur","Kaloji Narayana Rao University of Health Sciences, Warangal",State Govt.,2024,50
33,Telangana,"Government Medical College, Mulugu","Kaloji Narayana Rao University of Health Sciences, Warangal",State Govt.,2024,50
34,Telangana,"Government Medical College, Jogulamba,m Gadwal","Kaloji Narayana Rao University of Health Sciences, Warangal",State Govt.,2024,50
35,Telangana,"Government Medical College, Narsampet","Kaloji Narayana Rao University of Health Sciences, Warangal",State Govt.,2024,50
36,Telangana,"Government Medical College, Narayanpet","Kaloji Narayana Rao University of Health Sciences, Warangal",State Govt.,2024,50
37,Telangana,"Government Medical College, Kodangal","Kaloji Narayana Rao University of Health Sciences, Warangal",State Govt.,2025,50
1,Tripura,"Agartala Government Medical College, Agartala",Tripura University,State Govt.,2005,150
1,Uttarakhand,"All India Institute of Medical Sciences, Rishikesh","Statutory Autonomous, AIIMS(New Delhi)",Centaral Govt.,2021,125
2,Uttarakhand,"Doon Medical College, Dehradun","Hemwati Nandan Bahuguna Uttarakhand Medical Education University, Dehradun",State Govt.,2016,150
3,Uttarakhand,"Government Medical College (Prev.Uttarakhand Forest Hospital Trust Med.Col.), Haldwani","Kumaon University, Nainital",State Govt.,2001,125
4,Uttarakhand,"Soban Singh Jeena Government Institute of Medical Science & Research, Almora","Hemwati Nandan Bahuguna Uttarakhand Medical Education University, Dehradun",State Govt.,2021,100
5,Uttarakhand,"Veer Chandra Singh Garhwali Govt. Medical Sc. & Research Instt, Srinagar, Pauri Garhwal","Uttrakhand Technical University, Dehradun",State Govt.,2008,150
6,Uttarakhand,"Government Medical college and Hospital , Haridwar","Hemwati Nandan Bahuguna Uttarakhand Medical Education University, Dehradun",State Govt.,2024,100
1,Uttar Pradesh,"All India Institute of Medical Sciences, Gorakhpur","Statutory Autonomous, AIIMS(New Delhi)",Central Govt.,2019,125
2,Uttar Pradesh,"All India Institute of Medical Sciences, Rae Bareli","Statutory Autonomous, AIIMS(New Delhi)",Central Govt.,2019,100
3,Uttar Pradesh,"Autonomous State Medical College Society, Etah","Atal Bihari Vajpayee Medical University, Lucknow, Uttar Pradesh",State Govt.,2021,100
4,Uttar Pradesh,"Autonomous State Medical College Society, Fatehpur","Atal Bihari Vajpayee Medical University, Lucknow, Uttar Pradesh",State Govt.,2021,100
5,Uttar Pradesh,Autonomous State Medical College Society Ghazipur,"Atal Bihari Vajpayee Medical University, Lucknow, Uttar Pradesh",State Govt.,2021,100
6,Uttar Pradesh,"Autonomous State Medical College Society, Hardoi","Atal Bihari Vajpayee Medical University, Lucknow, Uttar Pradesh",State Govt.,2021,100
7,Uttar Pradesh,Autonomous State Society Medical College Mirzapur,"Atal Bihari Vajpayee Medical University, Lucknow, Uttar Pradesh",State Govt.,2021,100
8,Uttar Pradesh,Autonomous State Medical College Pratapgarh,"Atal Bihari Vajpayee Medical University, Lucknow, Uttar Pradesh",State Govt.,2021,100
9,Uttar Pradesh,"Autonomous State Medical College, Siddharthnagar","Atal Bihari Vajpayee Medical University, Lucknow, Uttar Pradesh",State Govt.,2021,100
10,Uttar Pradesh,"Autonomous State Medical College, Sonebhadra","Atal Bihari Vajpayee Medical University, Lucknow, Uttar Pradesh",State Govt.,2024,100
11,Uttar Pradesh,"BRD Medical College, Gorakhpur","Deen Dayal Upadhyay Gorakhpur University, Gorakhpur",State Govt.,1972,150
12,Uttar Pradesh,"Dr. Ram Manohar Lohia Institute of Medical Sciences,Lucknow","King Georges Medical University,Lucknow",State Govt.,2012,200
13,Uttar Pradesh,"Government Allopathic Medical College, Banda","King Georges Medical University,Lucknow",State Govt.,2016,100
14,Uttar Pradesh,"Government Medical College, Rampur, Basti","King Georges Medical University,Lucknow",State Govt.,2019,100
15,Uttar Pradesh,"Government Institute of Medical Sciences, Kasna, Greater Noida","King Georges Medical University,Lucknow",State Govt- Society,2019,100
16,Uttar Pradesh,"Government Medical College & Super facility Hospital, Azamgarh","King Georges Medical University,Lucknow",State Govt.,2013,100
17,Uttar Pradesh,"Government Medical College, Badaun",Mahatma Jyotiba Phule Rohilkhand University,State Govt.,2019,100
18,Uttar Pradesh,"Government Medical College, Faizabad","King Georges Medical University,Lucknow",State Govt.,2019,100
19,Uttar Pradesh,"Government Medical College, Firozabad","King Georges Medical University,Lucknow",State Govt.,2019,100
20,Uttar Pradesh,"Government Medical College, Kannauj","King Georges Medical University,Lucknow",State Govt.,2012,100
21,Uttar Pradesh,"Government Medical College, Shahjahanpur","King Georges Medical University,Lucknow",State Govt.,2019,100
22,Uttar Pradesh,"GSVM Medical College, Kanpur","C.S.J.M. University, Kanpur",State Govt.,1955,250
23,Uttar Pradesh,"Institute of Medical Sciences, BHU, Varansi",Banaras Hindu University,Central Govt.,1960,100
24,Uttar Pradesh,"Jawaharlal Nehru Medical College, Aligarh",Aligarh Muslim University,Central Govt.,1961,150
25,Uttar Pradesh,"King George Medical University, Lucknow","King Georges Medical University,Lucknow",State Govt.,1911,250
26,Uttar Pradesh,"LLRM Medical College, Meerut","Ch. Charan Singh Universitiy, Meerut",State Govt.,1966,150
27,Uttar Pradesh,"Moti Lal Nehru Medical College, Allahabad","King Georges Medical University,Lucknow",State Govt.,1961,200
28,Uttar Pradesh,"Maharshi Devraha Baba Autonomous State Medical College, Deoria","Atal Bihari Vajpayee Medical University, Lucknow, Uttar Pradesh",State Govt.,2021,100
29,Uttar Pradesh,"Mahamaya Rajkiya Allopathic Medical College, Ambedkarnagar","Dr. Ram Manohar Lohia Avadh University, Faizabad",State Govt.,2011,100
30,Uttar Pradesh,"Maharani Laxmi Bai Medical College, Jhansi",Bundelkhand University,State Govt.,1968,150
31,Uttar Pradesh,"Rajkiya Allopathic Medical College, Bahraich","King Georges Medical University,Lucknow",State Govt.,2019,100
32,Uttar Pradesh,"Uttar PradeshRajkiya Medical College Jalaun, Orai","C.S.J.M. University, Kanpur",State Govt.,2013,100
33,Uttar Pradesh,"Shaikh-UL-Hind Maulana Mahmood Hasan Medical College, Saharanpur","Ch. Charan Singh Universitiy, Meerut",State Govt.,2015,100
34,Uttar Pradesh,"S.N.Medical College, Agra","Dr B R Ambedkar University,Agra, U.P.",State Govt.,1939,200
35,Uttar Pradesh,Uma Nath Singh Autonomous State Medical College Society Jaunpur,"Atal Bihari Vajpayee Medical University, Lucknow, Uttar Pradesh",State Govt.,2021,100
36,Uttar Pradesh,"Uttar Pradesh University of Medical Sciences, (Prev. UP Rural Inst.of Med.Sc&R) Etawah","Uttar Pradesh University of Medical Sciences, Etawah",State Govt.,2006,200
37,Uttar Pradesh,"Autonomous State Medical College, Lalitpur","Atal Bihari Vajpayee Medical University, Lucknow, Uttar Pradesh",State Govt.,2024,100
38,Uttar Pradesh,"Autonomous State Medical College, Akbarpur","Atal Bihari Vajpayee Medical University, Lucknow, Uttar Pradesh",State Govt.,2024,100
39,Uttar Pradesh,Autonomous State Medical College and Hospital Kaushambi,"Atal Bihari Vajpayee Medical University, Lucknow, Uttar Pradesh",State Govt.,2024,100
40,Uttar Pradesh,Autonomous State Medical College Sultanpur,"Atal Bihari Vajpayee Medical University, Lucknow, Uttar Pradesh",State Govt.,2024,100
41,Uttar Pradesh,Autonomous State Medical College Kushinagar,"Atal Bihari Vajpayee Medical University, Lucknow, Uttar Pradesh",State Govt.,2024,100
42,Uttar Pradesh,Autonomous State Medical College Pilibhit,"Atal Bihari Vajpayee Medical University, Lucknow, Uttar Pradesh",State Govt.,2024,100
43,Uttar Pradesh,"Mahatma Vidur Autonomous State Medical College, Bijnor","Atal Bihari Vajpayee Medical University, Lucknow, Uttar Pradesh",State Govt.,2024,100
44,Uttar Pradesh,"Kalyan Singh Government Medical College, Hospital and Kasturba Mahila Chikitsalaya, Bulandshahr","Atal Bihari Vajpayee Medical University, Lucknow, Uttar Pradesh",State Govt.,2024,100
45,Uttar Pradesh,Autonomous State Medical College and Hospital Auraiya,"Atal Bihari Vajpayee Medical University, Lucknow, Uttar Pradesh",State Govt.,2024,100
46,Uttar Pradesh,Autonomous State Medical College and Hospital Gonda,"Atal Bihari Vajpayee Medical University, Lucknow, Uttar Pradesh",State Govt.,2024,100
47,Uttar Pradesh,Autonomous State Medical College and Hospital Lakhimpuri kheri,"Atal Bihari Vajpayee Medical University, Lucknow, Uttar Pradesh",State Govt.,2024,100
48,Uttar Pradesh,"Baba Kina Ram Autonomous State Medical College and Hospital, Kamalangar, Distt. Chandauil","Atal Bihari Vajpayee Medical University, Lucknow, Uttar Pradesh",State Govt.,2024,100
49,Uttar Pradesh,"Autonomous State Medical College, Amethi","Atal Bihari Vajpayee Medical University, Lucknow, Uttar Pradesh",State Govt.,2025,100
50,Uttar Pradesh,"ESIC Medical College and Hospital, Noida","Ch. Charan Singh Universitiy, Meerut",Central Govt.,2025,50
51,Uttar Pradesh,"ESIC Medical College and Hospital, varanasi",,Central Govt.,2025,50
1,West Bengal,"AIIMS, Kalyani, Nadia","Statutory Autonomous, AIIMS(New Delhi)",Cetral Govt.,2019,125
2,West Bengal,ESI PGI MSR AND ESIC MEDICA L COLLEG E JOKA KOLKATA,"West Bengal University of Health Sciences,Kolkata",Cetral Govt.,2013,125
3,West Bengal,"Bankura Sammilani Medical College, Bankura","West Bengal University of Health Sciences,Kolkata",State Govt.,1956,200
4,West Bengal,BARASAT GOVERNMENT MEDICAL COLLEGE AND HOSPITAL,"West Bengal University of Health Sciences,Kolkata",State Govt.,2022,100
5,West Bengal,"Burdwan Medical College, Burdwan","West Bengal University of Health Sciences,Kolkata",State Govt.,1969,200
6,West Bengal,"Calcutta National Medical College, Kolkata","West Bengal University of Health Sciences,Kolkata",State Govt.,1948,250
7,West Bengal,"College of Medicine and JNM Hospital, Kalyani, Nadia","West Bengal University of Health Sciences,Kolkata",State Govt.,2010,150
8,West Bengal,"College of Medicine and Sagore Dutta Hospital, Kolkata","West Bengal University of Health Sciences,Kolkata",State Govt.,2011,125
9,West Bengal,"Coochbehar Government Medical College & Hospital, Coochbehar","West Bengal University of Health Sciences,Kolkata",State Govt.,2019,150
10,West Bengal,"Deben Mahata Government Medical College & Hospital, Purulia","West Bengal University of Health Sciences,Kolkata",State Govt.,2024,100
11,West Bengal,"Diamond Harbour Government Medical College and Hospital, Diamond Harbour","West Bengal University of Health Sciences,Kolkata",State Govt.,2019,150
12,West Bengal,"Institute of Postgraduate Medical Education & Research, Kolkata","West Bengal University of Health Sciences,Kolkata",State Govt.,1957,200
13,West Bengal,JALPAIGURI GOVERNMENT MEDICAL COLLEGE AND HOSPITAL,"West Bengal University of Health Sciences,Kolkata",State Govt.,2022,100
14,West Bengal,JHARGRAM GOVERNMENT MEDICAL COLLEGE AND HOSPITAL,"West Bengal University of Health Sciences,Kolkata",State Govt.,2022,100
15,West Bengal,"MAHARAJA JITENDRA NARAYAN MEDICAL COLLEGE AND HOSPITAL, COOCHBEHAR","West Bengal University of Health Sciences,Kolkata",State Govt.,2024,100
16,West Bengal,"Malda Medical College & Hospital, Malda","West Bengal University of Health Sciences,Kolkata",State Govt.,2011,125
17,West Bengal,"Medical College, Kolkata","West Bengal University of Health Sciences,Kolkata",State Govt.,1838,250
18,West Bengal,"Midnapore Medical College, Midnapore","West Bengal University of Health Sciences,Kolkata",State Govt.,2001,200
19,West Bengal,"Murshidabad Medical College & Hospitals, Murshidabad","West Bengal University of Health Sciences,Kolkata",State Govt.,2012,125
20,West Bengal,"Nilratan Sircar Medical College, Kolkata","West Bengal University of Health Sciences,Kolkata",State Govt.,1948,250
21,West Bengal,"North Bengal Medical College, Darjeeling","West Bengal University of Health Sciences,Kolkata",State Govt.,1968,200
22,West Bengal,"Prafulla Chandra Sen Government Medical College and Hospital, Arambag, Hooghly","West Bengal University of Health Sciences,Kolkata",State Govt.,2022,100
23,West Bengal,Purulia Government Medical College & Hospital,"West Bengal University of Health Sciences,Kolkata",State Govt.,2020,150
24,West Bengal,"RG Kar Medical College, Kolkata","West Bengal University of Health Sciences,Kolkata",State Govt.,1916,250
25,West Bengal,"Raiganj Government Medical College & Hospital, Raiganj","West Bengal University of Health Sciences,Kolkata",State Govt.,2019,150
26,West Bengal,"Rampurhat Government Medical College & Hospital, Rampurhat","West Bengal University of Health Sciences,Kolkata",State Govt.,2019,150
27,West Bengal,"Sarat Chandra Chattopadhyay Medical College and Hospital, Uluberia city, Howrah","West Bengal University of Health Sciences,Kolkata",State Govt.,2022,100
28,West Bengal,"Tamralipto Government Medical College & Hospital, Tamluk","West Bengal University of Health Sciences,Kolkata",State Govt.,2022,100
